film_slug,source_key,title,author,publisher,source_type,url,publication_date,is_primary,credibility_score,local_path,notes
shawshank-redemption,shawshank-redemption-01-screenplay-dailyscript-com,ShawShank Redemption,,dailyscript.com,screenplay,https://www.dailyscript.com/scripts/shawshank.html,,true,0.92,data/manual_extracted/shawshank-redemption-01-screenplay-dailyscript-com.txt,Manual corpus row 1. Spreadsheet target type: screenplay. Screenplay or legally available script
shawshank-redemption,shawshank-redemption-02-interview-deadline-com,'Shawshank Redemption' At 25: Frank Darabont Reflects On Prison Epic,,deadline.com,interview,https://deadline.com/2019/12/shawshank-redemption-25-years-frank-darabont-anniversary-interview-1202759221/,,true,0.92,data/manual_extracted/shawshank-redemption-02-interview-deadline-com.txt,Manual corpus row 2. Spreadsheet target type: interview. Director interview
shawshank-redemption,shawshank-redemption-03-festival_qa-dga-org,Take Me to the River,,dga.org,festival_qa,https://www.dga.org/craft/dgaq/issues/1304-fall-2013/shot-to-remember-shawshank-redemption,,true,0.92,data/manual_extracted/shawshank-redemption-03-festival_qa-dga-org.txt,Manual corpus row 3. Spreadsheet target type: festival_qa. Second director interview or festival Q&A
shawshank-redemption,shawshank-redemption-04-production_notes-catalog-afi-com,AFI|Catalog,,catalog.afi.com,production_notes,https://catalog.afi.com/Catalog/moviedetails/55199,,true,0.92,data/manual_extracted/shawshank-redemption-04-production_notes-catalog-afi-com.txt,"Manual corpus row 4. Spreadsheet target type: production_notes. Production notes, press kit, or AFI/studio production context"
shawshank-redemption,shawshank-redemption-05-academic-mdpi-com,Shawshank_Academic_Article,,mdpi.com,academic,,,false,0.90,data/manual_extracted/shawshank-redemption-05-academic-mdpi-com.txt,Manual corpus row 5. Spreadsheet target type: academic. Open-access academic or scholarly analysis
shawshank-redemption,shawshank-redemption-06-academic-digitalcommons-unomaha-edu,Shawshank_Academic_2,,digitalcommons.unomaha.edu,academic,,,false,0.90,data/manual_extracted/shawshank-redemption-06-academic-digitalcommons-unomaha-edu.txt,Manual corpus row 6. Spreadsheet target type: educational_essay. Educational/institutional critical essay
shawshank-redemption,shawshank-redemption-07-video_essay_transcript-oscars-org,Shawshank_Video_Essay,,oscars.org,video_essay_transcript,,,false,0.78,data/manual_extracted/shawshank-redemption-07-video_essay_transcript-oscars-org.txt,Manual corpus row 7. Spreadsheet target type: video_essay_transcript. Video essay transcript or creator-provided transcript
shawshank-redemption,shawshank-redemption-08-craft_article-vanityfair-com,For the Love of Shawshank | Vanity Fair,,vanityfair.com,craft_article,https://www.vanityfair.com/hollywood/2019/09/for-the-love-of-shawshank,,false,0.86,data/manual_extracted/shawshank-redemption-08-craft_article-vanityfair-com.txt,"Manual corpus row 8. Spreadsheet target type: craft_article. Cast interview, craft article, film history article, commentary, or book excerpt"
fight-club,fight-club-01-screenplay-imsdb-com,FIGHT CLUB,,imsdb.com,screenplay,https://imsdb.com/scripts/Fight-Club.html,,true,0.92,data/manual_extracted/fight-club-01-screenplay-imsdb-com.txt,Manual corpus row 1. Spreadsheet target type: screenplay. Screenplay or legally available script
fight-club,fight-club-02-interview-theguardian-com,Fight the good fight | David Fincher | The Guardian,,theguardian.com,interview,https://www.theguardian.com/film/1999/oct/29/1,,true,0.92,data/manual_extracted/fight-club-02-interview-theguardian-com.txt,Manual corpus row 2. Spreadsheet target type: interview. Director interview
fight-club,fight-club-03-festival_qa-theguardian-com,"‘Who doesn’t think they’re an outsider?’ David Fincher on hitmen, ‘incels’ and Spider-Man’s ‘dumb’ origin story | David Fincher | The Guardian",,theguardian.com,festival_qa,https://www.theguardian.com/film/2023/oct/27/david-fincher-on-hitmen-incels-and-spider-mans-dumb-origin-story,,true,0.92,data/manual_extracted/fight-club-03-festival_qa-theguardian-com.txt,Manual corpus row 3. Spreadsheet target type: festival_qa. Second director interview or festival Q&A
fight-club,fight-club-04-production_notes-catalog-afi-com,AFI|Catalog,,catalog.afi.com,production_notes,https://catalog.afi.com/Film/61148-FIGHT-CLUB,,true,0.92,data/manual_extracted/fight-club-04-production_notes-catalog-afi-com.txt,"Manual corpus row 4. Spreadsheet target type: production_notes. Production notes, press kit, or AFI/studio production context"
fight-club,fight-club-05-academic-digitalcommons-uri-edu,Fight_Club_Academic,,digitalcommons.uri.edu,academic,,,false,0.90,data/manual_extracted/fight-club-05-academic-digitalcommons-uri-edu.txt,Manual corpus row 5. Spreadsheet target type: academic. Open-access academic or scholarly analysis
fight-club,fight-club-06-academic-academypublication-com,09.pdf,,academypublication.com,academic,https://www.academypublication.com/issues2/tpls/vol05/04/09.pdf,,false,0.90,data/manual_extracted/fight-club-06-academic-academypublication-com.txt,Manual corpus row 6. Spreadsheet target type: educational_essay. Educational/institutional critical essay
fight-club,fight-club-07-video_essay_transcript-local,Transcript_How I Wrote Fight Club,,local upload,video_essay_transcript,,,false,0.70,data/manual_extracted/fight-club-07-video_essay_transcript-local.txt,Manual corpus row 7. Spreadsheet target type: video_essay_transcript. Video essay transcript or creator-provided transcript
fight-club,fight-club-08-craft_article-theguardian-com,Fury of fists | Movies | The Guardian,,theguardian.com,craft_article,https://www.theguardian.com/film/1999/sep/14/1,,false,0.86,data/manual_extracted/fight-club-08-craft_article-theguardian-com.txt,"Manual corpus row 8. Spreadsheet target type: craft_article. Cast interview, craft article, film history article, commentary, or book excerpt"
one-flew-over-the-cuckoos-nest,one-flew-over-the-cuckoos-nest-01-screenplay-imsdb-com,One Flew Over The Cuckoo's Nest,,imsdb.com,screenplay,https://imsdb.com/scripts/One-Flew-Over-the-Cuckoo's-Nest.html,,true,0.92,data/manual_extracted/one-flew-over-the-cuckoos-nest-01-screenplay-imsdb-com.txt,Manual corpus row 1. Spreadsheet target type: screenplay. Screenplay or legally available script
one-flew-over-the-cuckoos-nest,one-flew-over-the-cuckoos-nest-02-interview-deadline-com,Michael Douglas Reflects On 'One Flew Over The Cuckoo's Nest',,deadline.com,interview,https://deadline.com/2025/05/one-flew-over-the-cuckoos-nest-michael-douglas-interview-1236388201/,,true,0.92,data/manual_extracted/one-flew-over-the-cuckoos-nest-02-interview-deadline-com.txt,Manual corpus row 2. Spreadsheet target type: interview. Director interview
one-flew-over-the-cuckoos-nest,one-flew-over-the-cuckoos-nest-03-festival_qa-archive-org,Milos%20Forman%20Filmmakers%20Newsletter%20interview%20December%201975_djvu.txt,,archive.org,festival_qa,https://archive.org/stream/milos-forman-filmmakers-newsletter-interview/Milos%20Forman%20Filmmakers%20Newsletter%20interview%20December%201975_djvu.txt,,true,0.92,data/manual_extracted/one-flew-over-the-cuckoos-nest-03-festival_qa-archive-org.txt,Manual corpus row 3. Spreadsheet target type: festival_qa. Second director interview or festival Q&A
one-flew-over-the-cuckoos-nest,one-flew-over-the-cuckoos-nest-04-production_notes-catalog-afi-com,AFI|Catalog,,catalog.afi.com,production_notes,https://catalog.afi.com/Film/55189-ONE-FLEWOVERTHECUCKOOSNEST,,true,0.92,data/manual_extracted/one-flew-over-the-cuckoos-nest-04-production_notes-catalog-afi-com.txt,"Manual corpus row 4. Spreadsheet target type: production_notes. Production notes, press kit, or AFI/studio production context"
one-flew-over-the-cuckoos-nest,one-flew-over-the-cuckoos-nest-05-academic-pmc-ncbi-nlm-nih-gov,Fifty Years of One Flew Over the Cuckoo's Nest: A Qualitative Exploration of Mental Health Staff's Perspectives - PMC,,pmc.ncbi.nlm.nih.gov,academic,https://pmc.ncbi.nlm.nih.gov/articles/PMC12645358/,,false,0.90,data/manual_extracted/one-flew-over-the-cuckoos-nest-05-academic-pmc-ncbi-nlm-nih-gov.txt,Manual corpus row 5. Spreadsheet target type: academic. Open-access academic or scholarly analysis
one-flew-over-the-cuckoos-nest,one-flew-over-the-cuckoos-nest-06-academic-onlinelibrary-wiley-com,One_Flew_Academic,,onlinelibrary.wiley.com,academic,,,false,0.90,data/manual_extracted/one-flew-over-the-cuckoos-nest-06-academic-onlinelibrary-wiley-com.txt,Manual corpus row 6. Spreadsheet target type: educational_essay. Educational/institutional critical essay
one-flew-over-the-cuckoos-nest,one-flew-over-the-cuckoos-nest-07-educational_essay-bfidatadigipres-github-io,One Flew over the Cuckoo's Nest - BFI Southbank Programme Notes,,bfidatadigipres.github.io,educational_essay,https://bfidatadigipres.github.io/member%20picks/2024/11/01/one-flew-over-the-cuckoos-nest/,,false,0.86,data/manual_extracted/one-flew-over-the-cuckoos-nest-07-educational_essay-bfidatadigipres-github-io.txt,Manual corpus row 7. Spreadsheet target type: video_essay_transcript. Video essay transcript or creator-provided transcript
one-flew-over-the-cuckoos-nest,one-flew-over-the-cuckoos-nest-08-craft_article-local,BJenningsBiopowerandtheLiberationistRomance2010,,local upload,craft_article,,,false,0.86,data/manual_extracted/one-flew-over-the-cuckoos-nest-08-craft_article-local.txt,"Manual corpus row 8. Spreadsheet target type: craft_article. Cast interview, craft article, film history article, commentary, or book excerpt"
se7en,se7en-01-screenplay-imsdb-com,"""Seven"", unproduced draft, by Andrew Kevin Walker",,imsdb.com,screenplay,https://imsdb.com/scripts/Se7en.html,,true,0.92,data/manual_extracted/se7en-01-screenplay-imsdb-com.txt,Manual corpus row 1. Spreadsheet target type: screenplay. Screenplay or legally available script
se7en,se7en-02-interview-latimes-com,David Fincher on the off-screen torture of making 'Seven' - Los Angeles Times,,latimes.com,interview,https://www.latimes.com/entertainment-arts/movies/story/2024-04-18/david-fincher-seven-imax-tcm-classic-film-festival-interview,,true,0.92,data/manual_extracted/se7en-02-interview-latimes-com.txt,Manual corpus row 2. Spreadsheet target type: interview. Director interview
se7en,se7en-03-festival_qa-indiewire-com,Seven Remastered: David Fincher on What He Fixed in Movie,,indiewire.com,festival_qa,https://www.indiewire.com/features/interviews/seven-remastered-david-fincher-interview-1234974911/,,true,0.92,data/manual_extracted/se7en-03-festival_qa-indiewire-com.txt,Manual corpus row 3. Spreadsheet target type: festival_qa. Second director interview or festival Q&A
se7en,se7en-04-production_notes-catalog-afi-com,AFI|Catalog,,catalog.afi.com,production_notes,https://catalog.afi.com/Film/60087-SE7EN,,true,0.92,data/manual_extracted/se7en-04-production_notes-catalog-afi-com.txt,"Manual corpus row 4. Spreadsheet target type: production_notes. Production notes, press kit, or AFI/studio production context"
se7en,se7en-05-educational_essay-sensesofcinema-com,"Fincher, David – Senses of Cinema",,sensesofcinema.com,educational_essay,https://www.sensesofcinema.com/2003/great-directors/fincher/,,false,0.86,data/manual_extracted/se7en-05-educational_essay-sensesofcinema-com.txt,Manual corpus row 5. Spreadsheet target type: academic. Open-access academic or scholarly analysis
se7en,se7en-06-academic-nottingham-ac-uk,scott.pdf,,nottingham.ac.uk,academic,https://www.nottingham.ac.uk/scope/documents/2005/february-2005/scott.pdf,,false,0.90,data/manual_extracted/se7en-06-academic-nottingham-ac-uk.txt,Manual corpus row 6. Spreadsheet target type: educational_essay. Educational/institutional critical essay
se7en,se7en-07-academic-jstor-org,40658383.pdf,,jstor.org,academic,https://www.jstor.org/stable/pdf/40658383.pdf?refreqid=fastly-default%3Ac70f4034e6d5a730438b79dace7b99f8&ab_segments=&initiator=&acceptTC=1,,false,0.90,data/manual_extracted/se7en-07-academic-jstor-org.txt,Manual corpus row 7. Spreadsheet target type: video_essay_transcript. Video essay transcript or creator-provided transcript
se7en,se7en-08-review-rogerebert-com,Se7en_Review,,rogerebert.com,review,,,false,0.82,data/manual_extracted/se7en-08-review-rogerebert-com.txt,"Manual corpus row 8. Spreadsheet target type: craft_article. Cast interview, craft article, film history article, commentary, or book excerpt"
silence-of-the-lambs,silence-of-the-lambs-01-screenplay-app-studiobinder-com,Silence_of_the_Lambs_Screenplay,,app.studiobinder.com,screenplay,,,true,0.92,data/manual_extracted/silence-of-the-lambs-01-screenplay-app-studiobinder-com.txt,Manual corpus row 1. Spreadsheet target type: screenplay. Screenplay or legally available script
silence-of-the-lambs,silence-of-the-lambs-02-interview-deadline-com,Silence of the Lambs 25th anniversary: untold tales of Oscar film,,deadline.com,interview,https://deadline.com/2017/04/the-silence-of-the-lambs-25th-anniversary-untold-tales-jonathan-demme-ted-tally-hannibal-lecter-clarice-starling-1201703981/,,true,0.92,data/manual_extracted/silence-of-the-lambs-02-interview-deadline-com.txt,Manual corpus row 2. Spreadsheet target type: interview. Director interview
silence-of-the-lambs,silence-of-the-lambs-03-review-rogerebert-com,Silence_of_Lambs_Review,,rogerebert.com,review,,,false,0.82,data/manual_extracted/silence-of-the-lambs-03-review-rogerebert-com.txt,Manual corpus row 3. Spreadsheet target type: festival_qa. Second director interview or festival Q&A
silence-of-the-lambs,silence-of-the-lambs-04-production_notes-catalog-afi-com,AFI|Catalog,,catalog.afi.com,production_notes,https://catalog.afi.com/Film/55200-THE-SILENCE-OF-THE-LAMBS,,true,0.92,data/manual_extracted/silence-of-the-lambs-04-production_notes-catalog-afi-com.txt,"Manual corpus row 4. Spreadsheet target type: production_notes. Production notes, press kit, or AFI/studio production context"
silence-of-the-lambs,silence-of-the-lambs-05-academic-scholarworks-umt-edu,Silence_of_Lambs_Academic,,scholarworks.umt.edu,academic,,,false,0.90,data/manual_extracted/silence-of-the-lambs-05-academic-scholarworks-umt-edu.txt,Manual corpus row 5. Spreadsheet target type: academic. Open-access academic or scholarly analysis
silence-of-the-lambs,silence-of-the-lambs-06-educational_essay-criterion-com,Silence_of_Lambs_Essay,,criterion.com,educational_essay,,,false,0.86,data/manual_extracted/silence-of-the-lambs-06-educational_essay-criterion-com.txt,Manual corpus row 6. Spreadsheet target type: educational_essay. Educational/institutional critical essay
silence-of-the-lambs,silence-of-the-lambs-07-educational_essay-bfi-org-uk,The Silence of the Lambs archive review: Jodie Foster in America’s underworld of desire | Sight and Sound,,bfi.org.uk,educational_essay,https://www.bfi.org.uk/sight-and-sound/reviews/silence-lambs-archive-review-jodie-foster-americas-underworld-desire,,false,0.86,data/manual_extracted/silence-of-the-lambs-07-educational_essay-bfi-org-uk.txt,Manual corpus row 7. Spreadsheet target type: video_essay_transcript. Video essay transcript or creator-provided transcript
silence-of-the-lambs,silence-of-the-lambs-08-craft_article-deadline-com,Jodie Foster Lifts The Lid On Silence Of The Lambs At BFI Q&A,,deadline.com,craft_article,https://deadline.com/2017/11/jodie-foster-silence-of-the-lambs-bfi-1202202525/,,false,0.86,data/manual_extracted/silence-of-the-lambs-08-craft_article-deadline-com.txt,"Manual corpus row 8. Spreadsheet target type: craft_article. Cast interview, craft article, film history article, commentary, or book excerpt"
the-prestige,the-prestige-01-screenplay-imsdb-com,"https://imsdb.com/scripts/Prestige,-The.html",,imsdb.com,screenplay,"https://imsdb.com/scripts/Prestige,-The.html",,true,0.92,data/manual_extracted/the-prestige-01-screenplay-imsdb-com.txt,Manual corpus row 1. Spreadsheet target type: screenplay. Screenplay or legally available script
the-prestige,the-prestige-02-educational_essay-bfi-org-uk,Christopher Nolan: escape artist | Sight and Sound,,bfi.org.uk,educational_essay,https://www.bfi.org.uk/sight-and-sound/features/christopher-nolan-escape-artist,,false,0.86,data/manual_extracted/the-prestige-02-educational_essay-bfi-org-uk.txt,Manual corpus row 2. Spreadsheet target type: interview. Director interview
the-prestige,the-prestige-03-festival_qa-imdb-com,The_Prestige_IMDB,,imdb.com,festival_qa,,,true,0.92,data/manual_extracted/the-prestige-03-festival_qa-imdb-com.txt,Manual corpus row 3. Spreadsheet target type: festival_qa. Second director interview or festival Q&A
the-prestige,the-prestige-04-production_notes-catalog-afi-com,AFI|Catalog,,catalog.afi.com,production_notes,https://catalog.afi.com/Film/63992-THE-PRESTIGE,,true,0.92,data/manual_extracted/the-prestige-04-production_notes-catalog-afi-com.txt,"Manual corpus row 4. Spreadsheet target type: production_notes. Production notes, press kit, or AFI/studio production context"
the-prestige,the-prestige-05-academic-digitalcommons-unomaha-edu,The_Prestige-Academic,,digitalcommons.unomaha.edu,academic,,,false,0.90,data/manual_extracted/the-prestige-05-academic-digitalcommons-unomaha-edu.txt,Manual corpus row 5. Spreadsheet target type: academic. Open-access academic or scholarly analysis
the-prestige,the-prestige-07-video_essay_transcript-movies-radiofree-com,"RadioFree.com | Christopher Nolan Interviews, The Prestige",,movies.radiofree.com,video_essay_transcript,https://movies.radiofree.com/interviews/theprest_christopher_nolan.shtml,,false,0.78,data/manual_extracted/the-prestige-07-video_essay_transcript-movies-radiofree-com.txt,Manual corpus row 7. Spreadsheet target type: video_essay_transcript. Video essay transcript or creator-provided transcript
the-prestige,the-prestige-08-craft_article-thehutchfiles-com,The Prestige Structure Breakdown - by Bruce Hutchinson,,thehutchfiles.com,craft_article,https://www.thehutchfiles.com/p/the-prestige-structure-breakdown,,false,0.86,data/manual_extracted/the-prestige-08-craft_article-thehutchfiles-com.txt,"Manual corpus row 8. Spreadsheet target type: craft_article. Cast interview, craft article, film history article, commentary, or book excerpt"
memento,memento-01-screenplay-imsdb-com,MEMENTO - Shooting Script,,imsdb.com,screenplay,https://imsdb.com/scripts/Memento.html,,true,0.92,data/manual_extracted/memento-01-screenplay-imsdb-com.txt,Manual corpus row 1. Spreadsheet target type: screenplay. Screenplay or legally available script
memento,memento-02-interview-indiewire-com,Christopher Nolan Remembers ‘Memento’,,indiewire.com,interview,https://www.indiewire.com/features/general/christopher-nolan-remembers-memento-26713/,,true,0.92,data/manual_extracted/memento-02-interview-indiewire-com.txt,Manual corpus row 2. Spreadsheet target type: interview. Director interview
memento,memento-03-festival_qa-filmmakermagazine-com,"Past Imperfect: Christopher and Jonathan Nolan on Memory, Metaphysics and Memento - Filmmaker MagazineFilmmaker Magazine",,filmmakermagazine.com,festival_qa,https://filmmakermagazine.com/110075-past-imperfect-christopher-and-jonathan-nolan-on-memory-metaphysics-and-memento/,,true,0.92,data/manual_extracted/memento-03-festival_qa-filmmakermagazine-com.txt,Manual corpus row 3. Spreadsheet target type: festival_qa. Second director interview or festival Q&A
memento,memento-04-production_notes-catalog-afi-com,AFI|Catalog,,catalog.afi.com,production_notes,https://catalog.afi.com/Film/53928-MEMENTO,,true,0.92,data/manual_extracted/memento-04-production_notes-catalog-afi-com.txt,"Manual corpus row 4. Spreadsheet target type: production_notes. Production notes, press kit, or AFI/studio production context"
memento,memento-05-academic-docs-lib-purdue-edu,Memento_Academic,,docs.lib.purdue.edu,academic,,,false,0.90,data/manual_extracted/memento-05-academic-docs-lib-purdue-edu.txt,Manual corpus row 5. Spreadsheet target type: academic. Open-access academic or scholarly analysis
memento,memento-06-academic-pdfs-semanticscholar-org,e82c83ece23857f350b5e2df88d8295c4063.pdf,,pdfs.semanticscholar.org,academic,https://pdfs.semanticscholar.org/0251/e82c83ece23857f350b5e2df88d8295c4063.pdf,,false,0.90,data/manual_extracted/memento-06-academic-pdfs-semanticscholar-org.txt,Manual corpus row 6. Spreadsheet target type: educational_essay. Educational/institutional critical essay
memento,memento-07-video_essay_transcript-local,Transcript_Memento - Interview with Christopher Nolan (2004),,local upload,video_essay_transcript,,,false,0.70,data/manual_extracted/memento-07-video_essay_transcript-local.txt,Manual corpus row 7. Spreadsheet target type: video_essay_transcript. Video essay transcript or creator-provided transcript
memento,memento-08-craft_article-goldderby-com,'Memento' at 25 editor interview,,goldderby.com,craft_article,https://www.goldderby.com/film/2026/memento-at-25-dody-dorn-interview-christopher-nolan/,,false,0.86,data/manual_extracted/memento-08-craft_article-goldderby-com.txt,"Manual corpus row 8. Spreadsheet target type: craft_article. Cast interview, craft article, film history article, commentary, or book excerpt"
taxi-driver,taxi-driver-01-screenplay-imsdb-com,https://www.imsdb.com/scripts/Taxi-Driver.html,,imsdb.com,screenplay,https://www.imsdb.com/scripts/Taxi-Driver.html,,true,0.92,data/manual_extracted/taxi-driver-01-screenplay-imsdb-com.txt,Manual corpus row 1. Spreadsheet target type: screenplay. Screenplay or legally available script
taxi-driver,taxi-driver-02-interview-people-com,Taxi_Driver_People_Magazine,,people.com,interview,,,true,0.92,data/manual_extracted/taxi-driver-02-interview-people-com.txt,Manual corpus row 2. Spreadsheet target type: interview. Director interview
taxi-driver,taxi-driver-03-festival_qa-studsterkel-wfmt-com,"Martin Scorsese and screenwriter Paul Schrader discuss their movie “Taxi Driver"" | The WFMT Studs Terkel Radio Archive | A Living Celebration",,studsterkel.wfmt.com,festival_qa,https://studsterkel.wfmt.com/programs/martin-scorsese-and-screenwriter-paul-schrader-discuss-their-movie-taxi-driver,,true,0.92,data/manual_extracted/taxi-driver-03-festival_qa-studsterkel-wfmt-com.txt,Manual corpus row 3. Spreadsheet target type: festival_qa. Second director interview or festival Q&A
taxi-driver,taxi-driver-04-production_notes-catalog-afi-com,AFI|Catalog,,catalog.afi.com,production_notes,https://catalog.afi.com/Film/67969-TAXI-DRIVER,,true,0.92,data/manual_extracted/taxi-driver-04-production_notes-catalog-afi-com.txt,"Manual corpus row 4. Spreadsheet target type: production_notes. Production notes, press kit, or AFI/studio production context"
taxi-driver,taxi-driver-05-review-rogerebert-com,Taxi_Driver_review,,rogerebert.com,review,,,false,0.82,data/manual_extracted/taxi-driver-05-review-rogerebert-com.txt,Manual corpus row 5. Spreadsheet target type: academic. Open-access academic or scholarly analysis
taxi-driver,taxi-driver-06-educational_essay-bfidatadigipres-github-io,Taxi Driver - BFI Southbank Programme Notes,,bfidatadigipres.github.io,educational_essay,https://bfidatadigipres.github.io/big%20screen%20classics/2024/07/03/taxi-driver/,,false,0.86,data/manual_extracted/taxi-driver-06-educational_essay-bfidatadigipres-github-io.txt,Manual corpus row 6. Spreadsheet target type: educational_essay. Educational/institutional critical essay
taxi-driver,taxi-driver-07-video_essay_transcript-cinephiliabeyond-org,Approaching Menace: The American Pathology of Martin Scorsese’s ‘Taxi Driver’—Revisiting a Masterpiece on Its 50th Anniversary • Cinephilia & Beyond,,cinephiliabeyond.org,video_essay_transcript,https://cinephiliabeyond.org/approaching-menace-the-american-pathology-of-martin-scorseses-taxi-driver/,,false,0.78,data/manual_extracted/taxi-driver-07-video_essay_transcript-cinephiliabeyond-org.txt,Manual corpus row 7. Spreadsheet target type: video_essay_transcript. Video essay transcript or creator-provided transcript
taxi-driver,taxi-driver-08-craft_article-scrapsfromtheloft-com,PAUL SCHRADER ON 'TAXI DRIVER' - Interview by Richard Thompson - Scraps from the loft,,scrapsfromtheloft.com,craft_article,https://scrapsfromtheloft.com/movies/paul-schrader-taxi-driver-interview-richard-thompson/,,false,0.86,data/manual_extracted/taxi-driver-08-craft_article-scrapsfromtheloft-com.txt,"Manual corpus row 8. Spreadsheet target type: craft_article. Cast interview, craft article, film history article, commentary, or book excerpt"
shutter-island,shutter-island-01-screenplay-scrapsfromtheloft-com,Shutter Island (2010) | Transcript - Scraps from the loft,,scrapsfromtheloft.com,screenplay,https://scrapsfromtheloft.com/movies/shutter-island-transcript/,,true,0.92,data/manual_extracted/shutter-island-01-screenplay-scrapsfromtheloft-com.txt,Manual corpus row 1. Spreadsheet target type: screenplay. Screenplay or legally available script
shutter-island,shutter-island-02-interview-indielondon-co-uk,IndieLondon: Shutter Island - Martin Scorsese interview - Your London Reviews,,indielondon.co.uk,interview,https://www.indielondon.co.uk/Film-Review/shutter-island-martin-scorsese-interview/,,true,0.92,data/manual_extracted/shutter-island-02-interview-indielondon-co-uk.txt,Manual corpus row 2. Spreadsheet target type: interview. Director interview
shutter-island,shutter-island-03-review-rogerebert-com,Shutter_Island_Review,,rogerebert.com,review,,,false,0.82,data/manual_extracted/shutter-island-03-review-rogerebert-com.txt,Manual corpus row 3. Spreadsheet target type: festival_qa. Second director interview or festival Q&A
shutter-island,shutter-island-04-production_notes-catalog-afi-com,AFI|Catalog,,catalog.afi.com,production_notes,https://catalog.afi.com/Film/66592-SHUTTER-ISLAND,,true,0.92,data/manual_extracted/shutter-island-04-production_notes-catalog-afi-com.txt,"Manual corpus row 4. Spreadsheet target type: production_notes. Production notes, press kit, or AFI/studio production context"
shutter-island,shutter-island-05-academic-irejournals-com,1704337.pdf,,irejournals.com,academic,https://www.irejournals.com/formatedpaper/1704337.pdf,,false,0.90,data/manual_extracted/shutter-island-05-academic-irejournals-com.txt,Manual corpus row 5. Spreadsheet target type: academic. Open-access academic or scholarly analysis
shutter-island,shutter-island-06-educational_essay-tlhjournal-com,29.salini-k-article.pdf,,tlhjournal.com,educational_essay,https://tlhjournal.com/uploads/products/29.salini-k-article.pdf,,false,0.86,data/manual_extracted/shutter-island-06-educational_essay-tlhjournal-com.txt,Manual corpus row 6. Spreadsheet target type: educational_essay. Educational/institutional critical essay
shutter-island,shutter-island-07-academic-academypublication-com,22.pdf,,academypublication.com,academic,https://www.academypublication.com/issues/past/tpls/vol03/02/22.pdf,,false,0.90,data/manual_extracted/shutter-island-07-academic-academypublication-com.txt,Manual corpus row 7. Spreadsheet target type: video_essay_transcript. Video essay transcript or creator-provided transcript
shutter-island,shutter-island-08-craft_article-denofgeek-com,"Martin Scorsese, Sir Ben Kingsley and Leonardo DiCaprio on Shutter Island | Den of Geek",,denofgeek.com,craft_article,https://www.denofgeek.com/movies/martin-scorsese-sir-ben-kingsley-and-leonardo-dicaprio-on-shutter-island/,,false,0.86,data/manual_extracted/shutter-island-08-craft_article-denofgeek-com.txt,"Manual corpus row 8. Spreadsheet target type: craft_article. Cast interview, craft article, film history article, commentary, or book excerpt"
black-swan,black-swan-01-screenplay-imsdb-com,https://imsdb.com/scripts/Black-Swan.html,,imsdb.com,screenplay,https://imsdb.com/scripts/Black-Swan.html,,true,0.92,data/manual_extracted/black-swan-01-screenplay-imsdb-com.txt,Manual corpus row 1. Spreadsheet target type: screenplay. Screenplay or legally available script
black-swan,black-swan-02-interview-nymag-com,Director Darren Aronofsky on His Film 'Black Swan' -- New York Magazine - Nymag,,nymag.com,interview,https://nymag.com/movies/features/70817/,,true,0.92,data/manual_extracted/black-swan-02-interview-nymag-com.txt,Manual corpus row 2. Spreadsheet target type: interview. Director interview
black-swan,black-swan-03-festival_qa-top10films-co-uk,Interview with Black Swan director Darren Aronofsky,,top10films.co.uk,festival_qa,https://www.top10films.co.uk/5594-interview-with-black-swan-director-darren-aronofsky/#google_vignette,,true,0.92,data/manual_extracted/black-swan-03-festival_qa-top10films-co-uk.txt,Manual corpus row 3. Spreadsheet target type: festival_qa. Second director interview or festival Q&A
black-swan,black-swan-04-production_notes-catalog-afi-com,AFI|Catalog,,catalog.afi.com,production_notes,https://catalog.afi.com/Film/66179-BLACK-SWAN,,true,0.92,data/manual_extracted/black-swan-04-production_notes-catalog-afi-com.txt,"Manual corpus row 4. Spreadsheet target type: production_notes. Production notes, press kit, or AFI/studio production context"
black-swan,black-swan-05-academic-the-criterion-com,AM04.pdf,,the-criterion.com,academic,https://www.the-criterion.com/V8/n2/AM04.pdf,,false,0.90,data/manual_extracted/black-swan-05-academic-the-criterion-com.txt,Manual corpus row 5. Spreadsheet target type: academic. Open-access academic or scholarly analysis
black-swan,black-swan-06-academic-digitalcommons-wcupa-edu,Black_Swan_Academic,,digitalcommons.wcupa.edu,academic,,,false,0.90,data/manual_extracted/black-swan-06-academic-digitalcommons-wcupa-edu.txt,Manual corpus row 6. Spreadsheet target type: educational_essay. Educational/institutional critical essay
black-swan,black-swan-07-review-rogerebert-com,Black_Swan_Review,,rogerebert.com,review,,,false,0.82,data/manual_extracted/black-swan-07-review-rogerebert-com.txt,Manual corpus row 7. Spreadsheet target type: video_essay_transcript. Video essay transcript or creator-provided transcript
black-swan,black-swan-08-craft_article-slantmagazine-com,The Conversations: Darren Aronofsky Part II: Black Swan - Slant Magazine,,slantmagazine.com,craft_article,https://www.slantmagazine.com/film/the-conversations-darren-aronofsky-part-ii-black-swan/,,false,0.86,data/manual_extracted/black-swan-08-craft_article-slantmagazine-com.txt,"Manual corpus row 8. Spreadsheet target type: craft_article. Cast interview, craft article, film history article, commentary, or book excerpt"
sixth-sense,sixth-sense-01-screenplay-imsdb-com,"""THE SIXTH SENSE"" -- by M. Night Shyamalan",,imsdb.com,screenplay,"https://imsdb.com/scripts/Sixth-Sense,-The.html",,true,0.92,data/manual_extracted/sixth-sense-01-screenplay-imsdb-com.txt,Manual corpus row 1. Spreadsheet target type: screenplay. Screenplay or legally available script
sixth-sense,sixth-sense-02-interview-newyorker-com,The Director of Fear | The New Yorker,,newyorker.com,interview,https://www.newyorker.com/magazine/2002/08/12/the-director-of-fear,,true,0.92,data/manual_extracted/sixth-sense-02-interview-newyorker-com.txt,Manual corpus row 2. Spreadsheet target type: interview. Director interview
sixth-sense,sixth-sense-03-festival_qa-screenrant-com,M. Night Shyamalan Explains The Origin Of His Most Iconic Plot Twist: “It Flowered At That Moment”,,screenrant.com,festival_qa,https://screenrant.com/the-sixth-sense-movie-twist-origin-explained-m-night-shyamalan/,,true,0.92,data/manual_extracted/sixth-sense-03-festival_qa-screenrant-com.txt,Manual corpus row 3. Spreadsheet target type: festival_qa. Second director interview or festival Q&A
sixth-sense,sixth-sense-04-production_notes-catalog-afi-com,AFI|Catalog,,catalog.afi.com,production_notes,https://catalog.afi.com/Film/55204-THE-SIXTH-SENSE,,true,0.92,data/manual_extracted/sixth-sense-04-production_notes-catalog-afi-com.txt,"Manual corpus row 4. Spreadsheet target type: production_notes. Production notes, press kit, or AFI/studio production context"
sixth-sense,sixth-sense-05-educational_essay-offscreen-com,The Sixth Sense: Humanizing Horror – Offscreen,,offscreen.com,educational_essay,https://offscreen.com/view/sixth_sense,,false,0.86,data/manual_extracted/sixth-sense-05-educational_essay-offscreen-com.txt,Manual corpus row 5. Spreadsheet target type: academic. Open-access academic or scholarly analysis
sixth-sense,sixth-sense-07-review-rogerebert-com,Sixth_Sense_review,,rogerebert.com,review,,,false,0.82,data/manual_extracted/sixth-sense-07-review-rogerebert-com.txt,Manual corpus row 7. Spreadsheet target type: video_essay_transcript. Video essay transcript or creator-provided transcript
sixth-sense,sixth-sense-08-craft_article-theguardian-com,The Sixth Sense at 20: the smash hit that remains impossible to define | M Night Shyamalan | The Guardian,,theguardian.com,craft_article,https://www.theguardian.com/film/2019/aug/06/the-sixth-sense-at-20-m-night-shyamalan-bruce-willis,,false,0.86,data/manual_extracted/sixth-sense-08-craft_article-theguardian-com.txt,"Manual corpus row 8. Spreadsheet target type: craft_article. Cast interview, craft article, film history article, commentary, or book excerpt"
prisoners,prisoners-01-screenplay-static1-squarespace-com,prisoners_sp.pdf,,static1.squarespace.com,screenplay,https://static1.squarespace.com/static/5a1c2452268b96d901cd3471/t/5bad3f3f71c10bc73e391351/1538080575791/prisoners_sp.pdf,,true,0.92,data/manual_extracted/prisoners-01-screenplay-static1-squarespace-com.txt,Manual corpus row 1. Spreadsheet target type: screenplay. Screenplay or legally available script
prisoners,prisoners-02-interview-local,"Transcript_PRISONERS Interviews Hugh Jackman, Jake Gyllenhaal, Paul Dano, Melissa Leo, Terrence Howard",,local upload,interview,,,true,0.92,data/manual_extracted/prisoners-02-interview-local.txt,Manual corpus row 2. Spreadsheet target type: interview. Director interview
prisoners,prisoners-03-festival_qa-medium-com,Prisoners_Blog,,medium.com,festival_qa,,,true,0.92,data/manual_extracted/prisoners-03-festival_qa-medium-com.txt,Manual corpus row 3. Spreadsheet target type: festival_qa. Second director interview or festival Q&A
prisoners,prisoners-04-production_notes-catalog-afi-com,AFI|Catalog,,catalog.afi.com,production_notes,https://catalog.afi.com/Film/69692-PRISONERS,,true,0.92,data/manual_extracted/prisoners-04-production_notes-catalog-afi-com.txt,"Manual corpus row 4. Spreadsheet target type: production_notes. Production notes, press kit, or AFI/studio production context"
prisoners,prisoners-05-craft_article-theasc-com,Prisoners_Craft_Article,,theasc.com,craft_article,,,false,0.86,data/manual_extracted/prisoners-05-craft_article-theasc-com.txt,Manual corpus row 5. Spreadsheet target type: academic. Open-access academic or scholarly analysis
prisoners,prisoners-06-review-variety-com,"'Prisoners' Review: Hugh Jackman, Jake Gyllenhaal Power a Brilliant Drama",,variety.com,review,https://variety.com/2013/film/reviews/prisoners-review-telluride-1200593140/,,false,0.82,data/manual_extracted/prisoners-06-review-variety-com.txt,Manual corpus row 6. Spreadsheet target type: educational_essay. Educational/institutional critical essay
prisoners,prisoners-07-review-rogerebert-com,Prisoners_review,,rogerebert.com,review,,,false,0.82,data/manual_extracted/prisoners-07-review-rogerebert-com.txt,Manual corpus row 7. Spreadsheet target type: video_essay_transcript. Video essay transcript or creator-provided transcript
prisoners,prisoners-08-review-theguardian-com,Prisoners – review | Thrillers | The Guardian,,theguardian.com,review,https://www.theguardian.com/film/2013/sep/26/prisoners-review,,false,0.82,data/manual_extracted/prisoners-08-review-theguardian-com.txt,"Manual corpus row 8. Spreadsheet target type: craft_article. Cast interview, craft article, film history article, commentary, or book excerpt"
gone-girl,gone-girl-01-screenplay-dailyscript-com,GoneGirl_Final_Shooting_Script.pdf,,dailyscript.com,screenplay,https://www.dailyscript.com/scripts/GoneGirl_Final_Shooting_Script.pdf,,true,0.92,data/manual_extracted/gone-girl-01-screenplay-dailyscript-com.txt,Manual corpus row 1. Spreadsheet target type: screenplay. Screenplay or legally available script
gone-girl,gone-girl-02-screenplay-npr-org,"Interview: David Fincher, Director Of 'Gone Girl' : NPR",,npr.org,screenplay,https://www.npr.org/transcripts/353017242,,true,0.92,data/manual_extracted/gone-girl-02-screenplay-npr-org.txt,Manual corpus row 2. Spreadsheet target type: interview. Director interview
gone-girl,gone-girl-03-festival_qa-theguardian-com,David Fincher on Gone Girl: ‘Bad things happen in this movie…’ | Gone Girl | The Guardian,,theguardian.com,festival_qa,https://www.theguardian.com/film/2014/sep/27/david-fincher-gone-girl-ben-affleck,,true,0.92,data/manual_extracted/gone-girl-03-festival_qa-theguardian-com.txt,Manual corpus row 3. Spreadsheet target type: festival_qa. Second director interview or festival Q&A
gone-girl,gone-girl-04-production_notes-catalog-afi-com,AFI|Catalog,,catalog.afi.com,production_notes,https://catalog.afi.com/Film/70114-GONE-GIRL?cxt=filmography,,true,0.92,data/manual_extracted/gone-girl-04-production_notes-catalog-afi-com.txt,"Manual corpus row 4. Spreadsheet target type: production_notes. Production notes, press kit, or AFI/studio production context"
gone-girl,gone-girl-05-academic-download-ssrn-com,Gone_Girl_Academic,,download.ssrn.com,academic,,,false,0.90,data/manual_extracted/gone-girl-05-academic-download-ssrn-com.txt,Manual corpus row 5. Spreadsheet target type: academic. Open-access academic or scholarly analysis
gone-girl,gone-girl-06-educational_essay-ijip-in,Gone_Girl_Essay,,ijip.in,educational_essay,,,false,0.86,data/manual_extracted/gone-girl-06-educational_essay-ijip-in.txt,Manual corpus row 6. Spreadsheet target type: educational_essay. Educational/institutional critical essay
gone-girl,gone-girl-07-video_essay_transcript-indiewire-com,David Fincher Reveals ‘Gone Girl’ Secrets and Whose Side He’s Really On (Q & A),,indiewire.com,video_essay_transcript,https://www.indiewire.com/features/general/david-fincher-reveals-gone-girl-secrets-and-whose-side-hes-really-on-q-a-190680/,,false,0.78,data/manual_extracted/gone-girl-07-video_essay_transcript-indiewire-com.txt,Manual corpus row 7. Spreadsheet target type: video_essay_transcript. Video essay transcript or creator-provided transcript
gone-girl,gone-girl-08-craft_article-northcountrypublicradio-org,"David Fincher Talks 'Gone Girl,' Avoids Spoilers (Hooray!) | NCPR News",,northcountrypublicradio.org,craft_article,https://www.northcountrypublicradio.org/news/npr/353017242/david-fincher-talks-gone-girl-avoids-spoilers-hooray,,false,0.86,data/manual_extracted/gone-girl-08-craft_article-northcountrypublicradio-org.txt,"Manual corpus row 8. Spreadsheet target type: craft_article. Cast interview, craft article, film history article, commentary, or book excerpt"
requiem-for-a-dream,requiem-for-a-dream-01-screenplay-assets-scriptslug-com,requiem-for-a-dream-2000.pdf,,assets.scriptslug.com,screenplay,https://assets.scriptslug.com/live/pdf/scripts/requiem-for-a-dream-2000.pdf?v=1729114978,,true,0.92,data/manual_extracted/requiem-for-a-dream-01-screenplay-assets-scriptslug-com.txt,Manual corpus row 1. Spreadsheet target type: screenplay. Screenplay or legally available script
requiem-for-a-dream,requiem-for-a-dream-02-interview-uncleanarts-com,Interview: Darren Aronofsky | UnClean Arts,,uncleanarts.com,interview,https://uncleanarts.com/interview-darren-aronofsky/,,true,0.92,data/manual_extracted/requiem-for-a-dream-02-interview-uncleanarts-com.txt,Manual corpus row 2. Spreadsheet target type: interview. Director interview
requiem-for-a-dream,requiem-for-a-dream-03-festival_qa-indiewire-com,Decade: Darren Aronofsky on “Requiem For a Dream”,,indiewire.com,festival_qa,https://www.indiewire.com/features/general/decade-darren-aronofsky-on-requiem-for-a-dream-246133/,,true,0.92,data/manual_extracted/requiem-for-a-dream-03-festival_qa-indiewire-com.txt,Manual corpus row 3. Spreadsheet target type: festival_qa. Second director interview or festival Q&A
requiem-for-a-dream,requiem-for-a-dream-04-production_notes-catalog-afi-com,AFI|Catalog,,catalog.afi.com,production_notes,https://catalog.afi.com/Film/53879-REQUIEM-FORADREAM,,true,0.92,data/manual_extracted/requiem-for-a-dream-04-production_notes-catalog-afi-com.txt,"Manual corpus row 4. Spreadsheet target type: production_notes. Production notes, press kit, or AFI/studio production context"
requiem-for-a-dream,requiem-for-a-dream-05-academic-angeladesousablog-wordpress-com,film-theory-analysis-on-requiem-for-a-dream.pdf,,angeladesousablog.wordpress.com,academic,https://angeladesousablog.wordpress.com/wp-content/uploads/2017/02/film-theory-analysis-on-requiem-for-a-dream.pdf,,false,0.90,data/manual_extracted/requiem-for-a-dream-05-academic-angeladesousablog-wordpress-com.txt,Manual corpus row 5. Spreadsheet target type: academic. Open-access academic or scholarly analysis
requiem-for-a-dream,requiem-for-a-dream-06-educational_essay-bbc-com,"'Slumming in a vision of hell': Why Requiem for a Dream is still so divisive, 25 years after its release",,bbc.com,educational_essay,https://www.bbc.com/culture/article/20250603-why-requiem-for-a-dream-is-still-so-divisive,,false,0.86,data/manual_extracted/requiem-for-a-dream-06-educational_essay-bbc-com.txt,Manual corpus row 6. Spreadsheet target type: educational_essay. Educational/institutional critical essay
requiem-for-a-dream,requiem-for-a-dream-07-educational_essay-bfidatadigipres-github-io,Requiem for a Dream - BFI Southbank Programme Notes,,bfidatadigipres.github.io,educational_essay,https://bfidatadigipres.github.io/discomfort%20movies/2024/07/06/requiem-for-a-dream/,,false,0.86,data/manual_extracted/requiem-for-a-dream-07-educational_essay-bfidatadigipres-github-io.txt,Manual corpus row 7. Spreadsheet target type: video_essay_transcript. Video essay transcript or creator-provided transcript
requiem-for-a-dream,requiem-for-a-dream-08-craft_article-theguardian-com,Requiem for a Dream at 20: Aronofsky's nightmare still haunts | Darren Aronofsky | The Guardian,,theguardian.com,craft_article,https://www.theguardian.com/film/2020/oct/27/requiem-for-a-dream-at-20-aronofskys-nightmare-still-haunts,,false,0.86,data/manual_extracted/requiem-for-a-dream-08-craft_article-theguardian-com.txt,"Manual corpus row 8. Spreadsheet target type: craft_article. Cast interview, craft article, film history article, commentary, or book excerpt"
donnie-darko,donnie-darko-01-screenplay-assets-scriptslug-com,donnie-darko-2001.pdf,,assets.scriptslug.com,screenplay,https://assets.scriptslug.com/live/pdf/scripts/donnie-darko-2001.pdf?v=1729114897,,true,0.92,data/manual_extracted/donnie-darko-01-screenplay-assets-scriptslug-com.txt,Manual corpus row 1. Spreadsheet target type: screenplay. Screenplay or legally available script
donnie-darko,donnie-darko-02-educational_essay-bfidatadigipres-github-io,Donnie Darko - BFI Southbank Programme Notes,,bfidatadigipres.github.io,educational_essay,https://bfidatadigipres.github.io/destination%20time%20travel%3Cbr%3Eplaying%20with%20time%20in%20film%20and%20tv/2023/10/28/donnie-darko/,,false,0.86,data/manual_extracted/donnie-darko-02-educational_essay-bfidatadigipres-github-io.txt,Manual corpus row 2. Spreadsheet target type: interview. Director interview
donnie-darko,donnie-darko-03-educational_essay-bfi-org-uk,Donnie Darko director Richard Kelly: ‘I didn’t grow up seeing rabbits’ | BFI,,bfi.org.uk,educational_essay,https://www.bfi.org.uk/interviews/donnie-darko-director-richard-kelly-i-didnt-grow-seeing-rabbits,,false,0.86,data/manual_extracted/donnie-darko-03-educational_essay-bfi-org-uk.txt,Manual corpus row 3. Spreadsheet target type: festival_qa. Second director interview or festival Q&A
donnie-darko,donnie-darko-04-production_notes-catalog-afi-com,AFI|Catalog,,catalog.afi.com,production_notes,https://catalog.afi.com/Film/61993-DONNIE-DARKO,,true,0.92,data/manual_extracted/donnie-darko-04-production_notes-catalog-afi-com.txt,"Manual corpus row 4. Spreadsheet target type: production_notes. Production notes, press kit, or AFI/studio production context"
donnie-darko,donnie-darko-05-academic-nerd-wwnorton-com,Donnie_Darko_Academic,,nerd.wwnorton.com,academic,,,false,0.90,data/manual_extracted/donnie-darko-05-academic-nerd-wwnorton-com.txt,Manual corpus row 5. Spreadsheet target type: academic. Open-access academic or scholarly analysis
donnie-darko,donnie-darko-06-academic-euppublishing-com,Donnie_Darko_Academic2,,euppublishing.com,academic,,,false,0.90,data/manual_extracted/donnie-darko-06-academic-euppublishing-com.txt,Manual corpus row 6. Spreadsheet target type: educational_essay. Educational/institutional critical essay
donnie-darko,donnie-darko-07-review-rogerebert-com,Donnie_Darko_Review,,rogerebert.com,review,,,false,0.82,data/manual_extracted/donnie-darko-07-review-rogerebert-com.txt,Manual corpus row 7. Spreadsheet target type: video_essay_transcript. Video essay transcript or creator-provided transcript
donnie-darko,donnie-darko-08-craft_article-theguardian-com,How we made Donnie Darko | Jake Gyllenhaal | The Guardian,,theguardian.com,craft_article,https://www.theguardian.com/film/2016/dec/12/how-we-made-donnie-darko-jake-gyllenhaal,,false,0.86,data/manual_extracted/donnie-darko-08-craft_article-theguardian-com.txt,"Manual corpus row 8. Spreadsheet target type: craft_article. Cast interview, craft article, film history article, commentary, or book excerpt"
the-machinist,the-machinist-01-screenplay-script-o-rama-com,"The Machinist Script - transcript from the screenplay and/or Christian Bale movie",,script-o-rama.com,screenplay,http://www.script-o-rama.com/movie_scripts/m/machinist-script-transcript-christian-bale.html,,true,0.92,data/manual_extracted/the-machinist-01-screenplay-script-o-rama-com.txt,Manual corpus row 1. Spreadsheet target type: screenplay. Screenplay or legally available script
the-machinist,the-machinist-02-interview-movies-radiofree-com,"RadioFree.com Interviews: Brad Anderson, The Machinist",,movies.radiofree.com,interview,https://movies.radiofree.com/interviews/themachi_brad_anderson.shtml,,true,0.92,data/manual_extracted/the-machinist-02-interview-movies-radiofree-com.txt,Manual corpus row 2. Spreadsheet target type: interview. Director interview
the-machinist,the-machinist-03-festival_qa-screenanarchy-com,BRAD ANDERSON: AN INTERVIEW WITH THE DIRECTOR OF SESSION 9 AND THE MACHINIST,,screenanarchy.com,festival_qa,https://screenanarchy.com/2004/10/brad-anderson-an-interview-with-the-director-of-session-9-and-the-machinist.html,,true,0.92,data/manual_extracted/the-machinist-03-festival_qa-screenanarchy-com.txt,Manual corpus row 3. Spreadsheet target type: festival_qa. Second director interview or festival Q&A
the-machinist,the-machinist-04-production_notes-catalog-afi-com,AFI|Catalog,,catalog.afi.com,production_notes,https://catalog.afi.com/Film/63150-THE-MACHINIST,,true,0.92,data/manual_extracted/the-machinist-04-production_notes-catalog-afi-com.txt,"Manual corpus row 4. Spreadsheet target type: production_notes. Production notes, press kit, or AFI/studio production context"
the-machinist,the-machinist-05-academic-brightlightsfilm-com,The_Machinist_Academic,,brightlightsfilm.com,academic,,,false,0.90,data/manual_extracted/the-machinist-05-academic-brightlightsfilm-com.txt,Manual corpus row 5. Spreadsheet target type: academic. Open-access academic or scholarly analysis
the-machinist,the-machinist-06-academic-digitalcommons-unomaha-edu,Machinist_Academic2,,digitalcommons.unomaha.edu,academic,,,false,0.90,data/manual_extracted/the-machinist-06-academic-digitalcommons-unomaha-edu.txt,Manual corpus row 6. Spreadsheet target type: educational_essay. Educational/institutional critical essay
the-machinist,the-machinist-07-video_essay_transcript-ign-com,IGN Interviews Brad Anderson - IGN,,ign.com,video_essay_transcript,https://www.ign.com/articles/2004/10/21/ign-interviews-brad-anderson,,false,0.78,data/manual_extracted/the-machinist-07-video_essay_transcript-ign-com.txt,Manual corpus row 7. Spreadsheet target type: video_essay_transcript. Video essay transcript or creator-provided transcript
the-machinist,the-machinist-08-craft_article-bbc-co-uk,BBC - Wales  - Arts - Christian Bale  - Christian Bale interview: The Machinist,,bbc.co.uk,craft_article,https://www.bbc.co.uk/wales/arts/sites/christian-bale/pages/machinist.shtml,,false,0.86,data/manual_extracted/the-machinist-08-craft_article-bbc-co-uk.txt,"Manual corpus row 8. Spreadsheet target type: craft_article. Cast interview, craft article, film history article, commentary, or book excerpt"
mulholland-drive,mulholland-drive-01-screenplay-imsdb-com,Mulholland Drive Screenplay,,imsdb.com,screenplay,https://imsdb.com/scripts/Mulholland-Drive.html,,true,0.92,data/manual_extracted/mulholland-drive-01-screenplay-imsdb-com.txt,Manual corpus row 1. Spreadsheet target type: screenplay. Screenplay or legally available script
mulholland-drive,mulholland-drive-02-interview-criterion-com,Mulholland_Dr_Interview,,criterion.com,interview,,,true,0.92,data/manual_extracted/mulholland-drive-02-interview-criterion-com.txt,Manual corpus row 2. Spreadsheet target type: interview. Director interview
mulholland-drive,mulholland-drive-03-festival_qa-theguardian-com,The interview: David Lynch | David Lynch | The Guardian,,theguardian.com,festival_qa,https://www.theguardian.com/film/2009/feb/28/david-lynch-twin-peaks-mulholland-drive,,true,0.92,data/manual_extracted/mulholland-drive-03-festival_qa-theguardian-com.txt,Manual corpus row 3. Spreadsheet target type: festival_qa. Second director interview or festival Q&A
mulholland-drive,mulholland-drive-04-production_notes-catalog-afi-com,AFI|Catalog,,catalog.afi.com,production_notes,https://catalog.afi.com/Film/53917-MULHOLLAND-DR,,true,0.92,data/manual_extracted/mulholland-drive-04-production_notes-catalog-afi-com.txt,"Manual corpus row 4. Spreadsheet target type: production_notes. Production notes, press kit, or AFI/studio production context"
mulholland-drive,mulholland-drive-05-academic-euppublishing-com,Mulholland_Drive_Academic,,euppublishing.com,academic,,,false,0.90,data/manual_extracted/mulholland-drive-05-academic-euppublishing-com.txt,Manual corpus row 5. Spreadsheet target type: academic. Open-access academic or scholarly analysis
mulholland-drive,mulholland-drive-06-academic-nottingham-ac-uk,hageman.pdf,,nottingham.ac.uk,academic,https://www.nottingham.ac.uk/scope/documents/2008/june-2008/hageman.pdf,,false,0.90,data/manual_extracted/mulholland-drive-06-academic-nottingham-ac-uk.txt,Manual corpus row 6. Spreadsheet target type: educational_essay. Educational/institutional critical essay
mulholland-drive,mulholland-drive-07-review-rogerebert-com,Mulholland_Drive_review,,rogerebert.com,review,,,false,0.82,data/manual_extracted/mulholland-drive-07-review-rogerebert-com.txt,Manual corpus row 7. Spreadsheet target type: video_essay_transcript. Video essay transcript or creator-provided transcript
mulholland-drive,mulholland-drive-08-educational_essay-sensesofcinema-com,A Slow Ride down Mulholland Dr. – Senses of Cinema,,sensesofcinema.com,educational_essay,https://www.sensesofcinema.com/2006/cteq/mulholland-dr/,,false,0.86,data/manual_extracted/mulholland-drive-08-educational_essay-sensesofcinema-com.txt,"Manual corpus row 8. Spreadsheet target type: craft_article. Cast interview, craft article, film history article, commentary, or book excerpt"
truman-show,truman-show-01-screenplay-imsdb-com,"""The Truman Show"", early, by Andrew M. Niccol",,imsdb.com,screenplay,"https://imsdb.com/scripts/Truman-Show,-The.html",,true,0.92,data/manual_extracted/truman-show-01-screenplay-imsdb-com.txt,Manual corpus row 1. Spreadsheet target type: screenplay. Screenplay or legally available script
truman-show,truman-show-02-interview-vanityfair-com,"Twenty Years Later, Everything Is The Truman Show | Vanity Fair",,vanityfair.com,interview,https://www.vanityfair.com/hollywood/2018/06/truman-show-anniversary-jim-carrey-peter-weir-laura-linney,,true,0.92,data/manual_extracted/truman-show-02-interview-vanityfair-com.txt,Manual corpus row 2. Spreadsheet target type: interview. Director interview
truman-show,truman-show-03-festival_qa-acmi-net-au,Crafting Reality: Peter Weir on The Truman Show’s impact | ACMI: Your museum of screen culture,,acmi.net.au,festival_qa,https://www.acmi.net.au/stories-and-ideas/truman-show-25-pt-2-peter-weir/,,true,0.92,data/manual_extracted/truman-show-03-festival_qa-acmi-net-au.txt,Manual corpus row 3. Spreadsheet target type: festival_qa. Second director interview or festival Q&A
truman-show,truman-show-04-production_notes-catalog-afi-com,AFI|Catalog,,catalog.afi.com,production_notes,https://catalog.afi.com/Film/61610-THE-TRUMAN-SHOW,,true,0.92,data/manual_extracted/truman-show-04-production_notes-catalog-afi-com.txt,"Manual corpus row 4. Spreadsheet target type: production_notes. Production notes, press kit, or AFI/studio production context"
truman-show,truman-show-05-academic-digitalcommons-unomaha-edu,Truman_Show_Academic,,digitalcommons.unomaha.edu,academic,,,false,0.90,data/manual_extracted/truman-show-05-academic-digitalcommons-unomaha-edu.txt,Manual corpus row 5. Spreadsheet target type: academic. Open-access academic or scholarly analysis
truman-show,truman-show-06-educational_essay-quod-lib-umich-edu,Truman_Show_Essay,,quod.lib.umich.edu,educational_essay,,,false,0.86,data/manual_extracted/truman-show-06-educational_essay-quod-lib-umich-edu.txt,Manual corpus row 6. Spreadsheet target type: educational_essay. Educational/institutional critical essay
truman-show,truman-show-07-educational_essay-offscreen-com,"Weir, Niccol, and Kubrick: Pretty Damn Close – Offscreen",,offscreen.com,educational_essay,https://offscreen.com/view/weir-niccol-and-kubrick-pretty-damn-close,,false,0.86,data/manual_extracted/truman-show-07-educational_essay-offscreen-com.txt,Manual corpus row 7. Spreadsheet target type: video_essay_transcript. Video essay transcript or creator-provided transcript
truman-show,truman-show-08-craft_article-cinephiliabeyond-org,‘The Truman Show’ at 28: Weir and Niccol’s Uplifting Yet Prophetically Disturbing Dystopian Satire • Cinephilia & Beyond,,cinephiliabeyond.org,craft_article,https://cinephiliabeyond.org/truman-show-weir-niccols-uplifting-yet-prophetically-disturbing-dystopian-satire/,,false,0.86,data/manual_extracted/truman-show-08-craft_article-cinephiliabeyond-org.txt,"Manual corpus row 8. Spreadsheet target type: craft_article. Cast interview, craft article, film history article, commentary, or book excerpt"
